<measure>
  <schema_version>3.0</schema_version>
  <name>connect_vr_fs_to_ground_loop</name>
  <uid>38a88636-ad99-4ccd-94eb-a3e2b5b3c695</uid>
  <version_id>b3a0c32f-6599-4585-b4a0-c61a334d50cb</version_id>
  <version_modified>20170907T191740Z</version_modified>
  <xml_checksum>12F9CCAC</xml_checksum>
  <class_name>ConnectVRFsToGroundLoop</class_name>
  <display_name>Connect VRFs to Ground Loop</display_name>
  <description>This is an EnergyPus measure that is meant to follow the 'Ground Source with VRFs' measure and will connect the VRFs to the 'VRF Placeholder' objects on the ground loop.</description>
  <modeler_description>This is an EnergyPus measure that is meant to follow the 'Ground Source with VRFs' measure and will connect the VRFs to the 'VRF Placeholder' objects on the ground loop.</modeler_description>
  <arguments/>
  <outputs/>
  <provenances/>
  <tags>
    <tag>HVAC.Heat Rejection</tag>
  </tags>
  <attributes>
    <attribute>
      <name>Measure Type</name>
      <value>EnergyPlusMeasure</value>
      <datatype>string</datatype>
    </attribute>
    <attribute>
      <name>Intended Software Tool</name>
      <value>OpenStudio Application</value>
      <datatype>string</datatype>
    </attribute>
    <attribute>
      <name>Intended Software Tool</name>
      <value>Parametric Analysis Tool</value>
      <datatype>string</datatype>
    </attribute>
  </attributes>
  <files>
    <file>
      <version>
        <software_program>OpenStudio</software_program>
        <identifier>2.2.0</identifier>
        <min_compatible>2.2.0</min_compatible>
      </version>
      <filename>measure.rb</filename>
      <filetype>rb</filetype>
      <usage_type>script</usage_type>
      <checksum>86838356</checksum>
    </file>
  </files>
</measure>
