<measure>
  <schema_version>3.0</schema_version>
  <name>honeybee_output</name>
  <uid>a8a44cfb-7bae-44a1-bbd8-f1ef7a3aa4e5</uid>
  <version_id>8c40efaa-e24d-431a-aa64-3c8f665c0fcb</version_id>
  <version_modified>20171006T214333Z</version_modified>
  <xml_checksum>84EE5CB0</xml_checksum>
  <class_name>HoneybeeOutput</class_name>
  <display_name>Honeybee Output</display_name>
  <description>This is an EnergyPus measure that requests outputs for Honeybee.</description>
  <modeler_description>This is an EnergyPus measure that requests outputs for Honeybee.</modeler_description>
  <arguments/>
  <outputs/>
  <provenances/>
  <tags>
    <tag>Reporting.QAQC</tag>
  </tags>
  <attributes>
    <attribute>
      <name>Measure Type</name>
      <value>EnergyPlusMeasure</value>
      <datatype>string</datatype>
    </attribute>
    <attribute>
      <name>Intended Software Tool</name>
      <value>OpenStudio Application</value>
      <datatype>string</datatype>
    </attribute>
    <attribute>
      <name>Intended Software Tool</name>
      <value>Parametric Analysis Tool</value>
      <datatype>string</datatype>
    </attribute>
  </attributes>
  <files>
    <file>
      <version>
        <software_program>OpenStudio</software_program>
        <identifier>2.2.0</identifier>
        <min_compatible>2.2.0</min_compatible>
      </version>
      <filename>measure.rb</filename>
      <filetype>rb</filetype>
      <usage_type>script</usage_type>
      <checksum>433431FD</checksum>
    </file>
  </files>
</measure>
