<measure>
  <schema_version>3.0</schema_version>
  <name>natural_ventilation</name>
  <uid>6d58f769-fa81-4ff4-97fe-33ca0e749d25</uid>
  <version_id>e00e6417-468b-464a-802d-ef354a8d3009</version_id>
  <version_modified>20171017T223834Z</version_modified>
  <xml_checksum>CD27FA76</xml_checksum>
  <class_name>NaturalVentilation</class_name>
  <display_name>Natural Ventilation</display_name>
  <description>This is an EnergyPus measure that adds natural ventilation objects to an OpenStudio model using data within a CSV.  Such CSVs are output by Honeybee.</description>
  <modeler_description>This is an EnergyPus measure that adds natural ventilation objects to an OpenStudio model using data within a CSV.  Such CSVs are output by Honeybee.</modeler_description>
  <arguments>
    <argument>
      <name>natVentCSV</name>
      <display_name>Natural Ventilation CSV</display_name>
      <description>File path to a CSV that contains all of the information needed to create simple natural ventilation objects for the OpenStudio model.  This CSV is typically output from the Honeybee OpenStudio exporter.</description>
      <type>String</type>
      <required>true</required>
      <model_dependent>false</model_dependent>
    </argument>
  </arguments>
  <outputs/>
  <provenances/>
  <tags>
    <tag>Envelope.Fenestration</tag>
  </tags>
  <attributes>
    <attribute>
      <name>Measure Type</name>
      <value>EnergyPlusMeasure</value>
      <datatype>string</datatype>
    </attribute>
    <attribute>
      <name>Intended Software Tool</name>
      <value>OpenStudio Application</value>
      <datatype>string</datatype>
    </attribute>
    <attribute>
      <name>Intended Software Tool</name>
      <value>Parametric Analysis Tool</value>
      <datatype>string</datatype>
    </attribute>
  </attributes>
  <files>
    <file>
      <version>
        <software_program>OpenStudio</software_program>
        <identifier>2.2.0</identifier>
        <min_compatible>2.2.0</min_compatible>
      </version>
      <filename>measure.rb</filename>
      <filetype>rb</filetype>
      <usage_type>script</usage_type>
      <checksum>A907302C</checksum>
    </file>
  </files>
</measure>
